#baselineProb	0.00322				
#chrom	pos	ID	EffectAllele	LOGOR	frequency
16	50745199	rs2066843	T	0.584	-1
16	50745926	rs2066844	T	0.967	-1
16	50756540	rs2066845	C	1.861	-1
16	50744137	RARE	A 	0.795	0.0011
16	50744179	RARE	T 	0.795	0.0011
16	50744235	RARE	A	0.795	0.0011
16	50744240	RARE	A 	0.795	0.0011
16	50744291	RARE	C 	0.795	0.0011
16	50744525	RARE	T	0.795	0.0011
16	50744565	RARE	G	0.795	0.0011
16	50744688	RARE	G 	0.795	0.0066
16	50744693	RARE	A 	0.795	0.0011
16	50744703	RARE	G	0.795	0.0011
16	50744724	RARE	T	0.795	0.0011
16	50744753	RARE	T 	0.795	0.0022
16	50744864	RARE	G 	0.795	0.0011
16	50744877	RARE	G	0.795	0.0022
16	50744939	RARE	T	0.795	0.0011
16	50745063	RARE	G	0.795	0.0011
16	50745103	RARE	A	0.795	0.0022
16	50745114	RARE	T	0.795	0.0011
16	50745117	RARE	T	0.795	0.0011
16	50745143	RARE	A	0.795	0.0011
16	50745188	RARE	T 	0.795	0
16	50745610	RARE	A 	0.795	0.0011
16	50745655	RARE	T	0.795	0.0033
16	50745656	RARE	A	0.795	0.0011
16	50745657	RARE	T 	0.795	0.0022
16	50745872	RARE	T	0.795	0.0011
16	50745929	RARE	T	0.795	0.0121
16	50745959	RARE	T	0.795	0.0011
16	50745996	RARE	G	0.795	0.0033
16	50746042	RARE	T	0.795	0.0011
16	50746086	RARE	T	0.795	0.0121
16	50746095	RARE	T	0.795	0.0011
16	50746154	RARE	A	0.795	0.0033
16	50746199	RARE	A	0.795	0.0044
16	50746349	RARE	A	0.795	0.0011
16	50746380	RARE	G	0.795	0.0022
16	50746409	RARE	G	0.795	0.0044
16	50746441	RARE	T	0.795	0.0011
16	50746561	RARE	T	0.795	0.0011
16	50746575	RARE	A	0.795	0.0088
16	50746593	RARE	A	0.795	0.0011
16	50746639	RARE	C	0.795	0.0011
16	50746736	RARE	A	0.795	0.0011
16	50746755	RARE	A	0.795	0.0011
